,Name,Specie,Status,ImageUrl,LastKnownLocation
0,Rick Sanchez,Human,Alive,https://rickandmortyapi.com/api/character/avatar/1.jpeg,"{'name': 'Earth (Replacement Dimension)', 'url': 'https://rickandmortyapi.com/api/location/20'}"
1,Morty Smith,Human,Alive,https://rickandmortyapi.com/api/character/avatar/2.jpeg,"{'name': 'Earth (Replacement Dimension)', 'url': 'https://rickandmortyapi.com/api/location/20'}"
2,Summer Smith,Human,Alive,https://rickandmortyapi.com/api/character/avatar/3.jpeg,"{'name': 'Earth (Replacement Dimension)', 'url': 'https://rickandmortyapi.com/api/location/20'}"
3,Beth Smith,Human,Alive,https://rickandmortyapi.com/api/character/avatar/4.jpeg,"{'name': 'Earth (Replacement Dimension)', 'url': 'https://rickandmortyapi.com/api/location/20'}"
4,Jerry Smith,Human,Alive,https://rickandmortyapi.com/api/character/avatar/5.jpeg,"{'name': 'Earth (Replacement Dimension)', 'url': 'https://rickandmortyapi.com/api/location/20'}"
5,Abadango Cluster Princess,Alien,Alive,https://rickandmortyapi.com/api/character/avatar/6.jpeg,"{'name': 'Abadango', 'url': 'https://rickandmortyapi.com/api/location/2'}"
6,Abradolf Lincler,Human,unknown,https://rickandmortyapi.com/api/character/avatar/7.jpeg,"{'name': 'Testicle Monster Dimension', 'url': 'https://rickandmortyapi.com/api/location/21'}"
7,Adjudicator Rick,Human,Dead,https://rickandmortyapi.com/api/character/avatar/8.jpeg,"{'name': 'Citadel of Ricks', 'url': 'https://rickandmortyapi.com/api/location/3'}"
8,Agency Director,Human,Dead,https://rickandmortyapi.com/api/character/avatar/9.jpeg,"{'name': 'Earth (Replacement Dimension)', 'url': 'https://rickandmortyapi.com/api/location/20'}"
9,Alan Rails,Human,Dead,https://rickandmortyapi.com/api/character/avatar/10.jpeg,"{'name': ""Worldender's lair"", 'url': 'https://rickandmortyapi.com/api/location/4'}"
10,Albert Einstein,Human,Dead,https://rickandmortyapi.com/api/character/avatar/11.jpeg,"{'name': 'Earth (Replacement Dimension)', 'url': 'https://rickandmortyapi.com/api/location/20'}"
11,Alexander,Human,Dead,https://rickandmortyapi.com/api/character/avatar/12.jpeg,"{'name': 'Anatomy Park', 'url': 'https://rickandmortyapi.com/api/location/5'}"
12,Alien Googah,Alien,unknown,https://rickandmortyapi.com/api/character/avatar/13.jpeg,"{'name': 'Earth (Replacement Dimension)', 'url': 'https://rickandmortyapi.com/api/location/20'}"
13,Alien Morty,Alien,unknown,https://rickandmortyapi.com/api/character/avatar/14.jpeg,"{'name': 'Citadel of Ricks', 'url': 'https://rickandmortyapi.com/api/location/3'}"
14,Alien Rick,Alien,unknown,https://rickandmortyapi.com/api/character/avatar/15.jpeg,"{'name': 'Citadel of Ricks', 'url': 'https://rickandmortyapi.com/api/location/3'}"
15,Amish Cyborg,Alien,Dead,https://rickandmortyapi.com/api/character/avatar/16.jpeg,"{'name': 'Earth (Replacement Dimension)', 'url': 'https://rickandmortyapi.com/api/location/20'}"
16,Annie,Human,Alive,https://rickandmortyapi.com/api/character/avatar/17.jpeg,"{'name': 'Anatomy Park', 'url': 'https://rickandmortyapi.com/api/location/5'}"
17,Antenna Morty,Human,Alive,https://rickandmortyapi.com/api/character/avatar/18.jpeg,"{'name': 'Citadel of Ricks', 'url': 'https://rickandmortyapi.com/api/location/3'}"
18,Antenna Rick,Human,unknown,https://rickandmortyapi.com/api/character/avatar/19.jpeg,"{'name': 'unknown', 'url': ''}"
19,Ants in my Eyes Johnson,Human,unknown,https://rickandmortyapi.com/api/character/avatar/20.jpeg,"{'name': 'Interdimensional Cable', 'url': 'https://rickandmortyapi.com/api/location/6'}"
20,Aqua Morty,Humanoid,unknown,https://rickandmortyapi.com/api/character/avatar/21.jpeg,"{'name': 'Citadel of Ricks', 'url': 'https://rickandmortyapi.com/api/location/3'}"
21,Aqua Rick,Humanoid,unknown,https://rickandmortyapi.com/api/character/avatar/22.jpeg,"{'name': 'Citadel of Ricks', 'url': 'https://rickandmortyapi.com/api/location/3'}"
22,Arcade Alien,Alien,unknown,https://rickandmortyapi.com/api/character/avatar/23.jpeg,"{'name': 'Immortality Field Resort', 'url': 'https://rickandmortyapi.com/api/location/7'}"
23,Armagheadon,Alien,Alive,https://rickandmortyapi.com/api/character/avatar/24.jpeg,"{'name': 'Signus 5 Expanse', 'url': 'https://rickandmortyapi.com/api/location/22'}"
24,Armothy,unknown,Dead,https://rickandmortyapi.com/api/character/avatar/25.jpeg,"{'name': 'Post-Apocalyptic Earth', 'url': 'https://rickandmortyapi.com/api/location/8'}"
25,Arthricia,Alien,Alive,https://rickandmortyapi.com/api/character/avatar/26.jpeg,"{'name': 'Purge Planet', 'url': 'https://rickandmortyapi.com/api/location/9'}"
26,Artist Morty,Human,Alive,https://rickandmortyapi.com/api/character/avatar/27.jpeg,"{'name': 'Citadel of Ricks', 'url': 'https://rickandmortyapi.com/api/location/3'}"
27,Attila Starwar,Human,Alive,https://rickandmortyapi.com/api/character/avatar/28.jpeg,"{'name': 'Interdimensional Cable', 'url': 'https://rickandmortyapi.com/api/location/6'}"
28,Baby Legs,Human,Alive,https://rickandmortyapi.com/api/character/avatar/29.jpeg,"{'name': 'Interdimensional Cable', 'url': 'https://rickandmortyapi.com/api/location/6'}"
29,Baby Poopybutthole,Poopybutthole,Alive,https://rickandmortyapi.com/api/character/avatar/30.jpeg,"{'name': 'unknown', 'url': ''}"
30,Baby Wizard,Alien,Dead,https://rickandmortyapi.com/api/character/avatar/31.jpeg,"{'name': 'Earth (Replacement Dimension)', 'url': 'https://rickandmortyapi.com/api/location/20'}"
31,Bearded Lady,Alien,Dead,https://rickandmortyapi.com/api/character/avatar/32.jpeg,"{'name': 'Earth (Replacement Dimension)', 'url': 'https://rickandmortyapi.com/api/location/20'}"
32,Beebo,Alien,Dead,https://rickandmortyapi.com/api/character/avatar/33.jpeg,"{'name': 'Venzenulon 7', 'url': 'https://rickandmortyapi.com/api/location/10'}"
33,Benjamin,Poopybutthole,Alive,https://rickandmortyapi.com/api/character/avatar/34.jpeg,"{'name': 'Interdimensional Cable', 'url': 'https://rickandmortyapi.com/api/location/6'}"
34,Beta-Seven,Alien,Alive,https://rickandmortyapi.com/api/character/avatar/36.jpeg,"{'name': 'unknown', 'url': ''}"
35,Beth's Mytholog,Mytholog,Dead,https://rickandmortyapi.com/api/character/avatar/40.jpeg,"{'name': 'Nuptia 4', 'url': 'https://rickandmortyapi.com/api/location/13'}"
36,Big Boobed Waitress,Humanoid,Alive,https://rickandmortyapi.com/api/character/avatar/41.jpeg,"{'name': 'Fantasy World', 'url': 'https://rickandmortyapi.com/api/location/48'}"
37,Big Morty,Human,Dead,https://rickandmortyapi.com/api/character/avatar/43.jpeg,"{'name': 'Citadel of Ricks', 'url': 'https://rickandmortyapi.com/api/location/3'}"
38,Bill,Human,Alive,https://rickandmortyapi.com/api/character/avatar/45.jpeg,"{'name': 'Earth (C-137)', 'url': 'https://rickandmortyapi.com/api/location/1'}"
39,Birdperson,Alien,Dead,https://rickandmortyapi.com/api/character/avatar/47.jpeg,"{'name': 'Planet Squanch', 'url': 'https://rickandmortyapi.com/api/location/35'}"
40,Blim Blam,Alien,Alive,https://rickandmortyapi.com/api/character/avatar/50.jpeg,"{'name': 'Earth (Replacement Dimension)', 'url': 'https://rickandmortyapi.com/api/location/20'}"
41,Blue Footprint Guy,Human,Dead,https://rickandmortyapi.com/api/character/avatar/52.jpeg,"{'name': 'Post-Apocalyptic Earth', 'url': 'https://rickandmortyapi.com/api/location/8'}"
42,Blue Shirt Morty,Human,unknown,https://rickandmortyapi.com/api/character/avatar/53.jpeg,"{'name': 'Citadel of Ricks', 'url': 'https://rickandmortyapi.com/api/location/3'}"
43,Bobby Moynihan,Human,Alive,https://rickandmortyapi.com/api/character/avatar/54.jpeg,"{'name': 'Interdimensional Cable', 'url': 'https://rickandmortyapi.com/api/location/6'}"
44,Bootleg Portal Chemist Rick,Human,Dead,https://rickandmortyapi.com/api/character/avatar/56.jpeg,"{'name': 'Citadel of Ricks', 'url': 'https://rickandmortyapi.com/api/location/3'}"
45,Brad,Human,Alive,https://rickandmortyapi.com/api/character/avatar/58.jpeg,"{'name': 'Earth (Replacement Dimension)', 'url': 'https://rickandmortyapi.com/api/location/20'}"
46,Brad Anderson,Human,Dead,https://rickandmortyapi.com/api/character/avatar/59.jpeg,"{'name': 'Earth (Replacement Dimension)', 'url': 'https://rickandmortyapi.com/api/location/20'}"
47,Calypso,Human,Dead,https://rickandmortyapi.com/api/character/avatar/60.jpeg,"{'name': 'unknown', 'url': ''}"
48,Campaign Manager Morty,Human,Dead,https://rickandmortyapi.com/api/character/avatar/61.jpeg,"{'name': 'Citadel of Ricks', 'url': 'https://rickandmortyapi.com/api/location/3'}"
49,Canklanker Thom,Alien,Dead,https://rickandmortyapi.com/api/character/avatar/62.jpeg,"{'name': 'unknown', 'url': ''}"
50,Centaur,Humanoid,Alive,https://rickandmortyapi.com/api/character/avatar/63.jpeg,"{'name': ""Mr. Goldenfold's dream"", 'url': 'https://rickandmortyapi.com/api/location/18'}"
51,Chris,Alien,Dead,https://rickandmortyapi.com/api/character/avatar/64.jpeg,"{'name': 'Earth (Replacement Dimension)', 'url': 'https://rickandmortyapi.com/api/location/20'}"
52,Collector,Alien,Alive,https://rickandmortyapi.com/api/character/avatar/67.jpeg,"{'name': 'The Menagerie', 'url': 'https://rickandmortyapi.com/api/location/25'}"
53,Colossus,Human,Dead,https://rickandmortyapi.com/api/character/avatar/68.jpeg,"{'name': 'Post-Apocalyptic Earth', 'url': 'https://rickandmortyapi.com/api/location/8'}"
54,Commander Rick,Human,Dead,https://rickandmortyapi.com/api/character/avatar/69.jpeg,"{'name': 'Citadel of Ricks', 'url': 'https://rickandmortyapi.com/api/location/3'}"
55,Concerto,Humanoid,Dead,https://rickandmortyapi.com/api/character/avatar/70.jpeg,"{'name': 'unknown', 'url': ''}"
56,Conroy,Robot,Dead,https://rickandmortyapi.com/api/character/avatar/71.jpeg,"{'name': 'Earth (C-137)', 'url': 'https://rickandmortyapi.com/api/location/1'}"
57,Cool Rick,Human,Alive,https://rickandmortyapi.com/api/character/avatar/72.jpeg,"{'name': 'Citadel of Ricks', 'url': 'https://rickandmortyapi.com/api/location/3'}"
58,Cop Morty,Human,Dead,https://rickandmortyapi.com/api/character/avatar/73.jpeg,"{'name': 'Citadel of Ricks', 'url': 'https://rickandmortyapi.com/api/location/3'}"
59,Cop Rick,Human,Alive,https://rickandmortyapi.com/api/character/avatar/74.jpeg,"{'name': 'Citadel of Ricks', 'url': 'https://rickandmortyapi.com/api/location/3'}"
60,Courier Flap,Alien,Alive,https://rickandmortyapi.com/api/character/avatar/75.jpeg,"{'name': 'Planet Squanch', 'url': 'https://rickandmortyapi.com/api/location/35'}"
61,Cousin Nicky,Alien,Dead,https://rickandmortyapi.com/api/character/avatar/76.jpeg,"{'name': 'Earth (Replacement Dimension)', 'url': 'https://rickandmortyapi.com/api/location/20'}"
62,Crab Spider,Alien,Alive,https://rickandmortyapi.com/api/character/avatar/79.jpeg,"{'name': 'Hideout Planet', 'url': 'https://rickandmortyapi.com/api/location/27'}"
63,Crocubot,Humanoid,Dead,https://rickandmortyapi.com/api/character/avatar/81.jpeg,"{'name': ""Worldender's lair"", 'url': 'https://rickandmortyapi.com/api/location/4'}"
64,Cronenberg Rick,Cronenberg,unknown,https://rickandmortyapi.com/api/character/avatar/82.jpeg,"{'name': 'Earth (C-137)', 'url': 'https://rickandmortyapi.com/api/location/1'}"
65,Cronenberg Morty,Cronenberg,unknown,https://rickandmortyapi.com/api/character/avatar/83.jpeg,"{'name': 'Earth (C-137)', 'url': 'https://rickandmortyapi.com/api/location/1'}"
66,Cult Leader Morty,Human,Alive,https://rickandmortyapi.com/api/character/avatar/84.jpeg,"{'name': 'Hideout Planet', 'url': 'https://rickandmortyapi.com/api/location/27'}"
67,Cyclops Morty,Humanoid,Alive,https://rickandmortyapi.com/api/character/avatar/85.jpeg,"{'name': 'Citadel of Ricks', 'url': 'https://rickandmortyapi.com/api/location/3'}"
68,Cyclops Rick,Humanoid,Dead,https://rickandmortyapi.com/api/character/avatar/86.jpeg,"{'name': 'Citadel of Ricks', 'url': 'https://rickandmortyapi.com/api/location/3'}"
69,Cynthia,Alien,Dead,https://rickandmortyapi.com/api/character/avatar/87.jpeg,"{'name': ""Zigerion's Base"", 'url': 'https://rickandmortyapi.com/api/location/46'}"
70,Dale,Humanoid,Dead,https://rickandmortyapi.com/api/character/avatar/89.jpeg,"{'name': ""Giant's Town"", 'url': 'https://rickandmortyapi.com/api/location/14'}"
71,Daron Jefferson,Alien,Alive,https://rickandmortyapi.com/api/character/avatar/90.jpeg,"{'name': ""Unity's Planet"", 'url': 'https://rickandmortyapi.com/api/location/28'}"
72,David Letterman,Human,Alive,https://rickandmortyapi.com/api/character/avatar/91.jpeg,"{'name': 'Earth (C-500A)', 'url': 'https://rickandmortyapi.com/api/location/23'}"
73,Davin,Human,Dead,https://rickandmortyapi.com/api/character/avatar/92.jpeg,"{'name': 'Earth (C-137)', 'url': 'https://rickandmortyapi.com/api/location/1'}"
74,Diablo Verde,Humanoid,Dead,https://rickandmortyapi.com/api/character/avatar/93.jpeg,"{'name': 'Dorian 5', 'url': 'https://rickandmortyapi.com/api/location/29'}"
75,Diane Sanchez,Human,unknown,https://rickandmortyapi.com/api/character/avatar/94.jpeg,"{'name': 'Earth (Unknown dimension)', 'url': 'https://rickandmortyapi.com/api/location/30'}"
76,Dipper and Mabel Mortys,Human,unknown,https://rickandmortyapi.com/api/character/avatar/95.jpeg,"{'name': 'Citadel of Ricks', 'url': 'https://rickandmortyapi.com/api/location/3'}"
77,Donna Gueterman,Robot,Dead,https://rickandmortyapi.com/api/character/avatar/102.jpeg,"{'name': 'Planet Squanch', 'url': 'https://rickandmortyapi.com/api/location/35'}"
78,Doofus Rick,Human,unknown,https://rickandmortyapi.com/api/character/avatar/103.jpeg,"{'name': 'Earth (Replacement Dimension)', 'url': 'https://rickandmortyapi.com/api/location/20'}"
79,Doom-Nomitron,Alien,Dead,https://rickandmortyapi.com/api/character/avatar/104.jpeg,"{'name': 'Dorian 5', 'url': 'https://rickandmortyapi.com/api/location/29'}"
80,Dr. Glip-Glop,Alien,Dead,https://rickandmortyapi.com/api/character/avatar/105.jpeg,"{'name': 'St. Gloopy Noops Hospital', 'url': 'https://rickandmortyapi.com/api/location/16'}"
81,Dr. Schmidt,Human,unknown,https://rickandmortyapi.com/api/character/avatar/106.jpeg,"{'name': 'Roy: A Life Well Lived', 'url': 'https://rickandmortyapi.com/api/location/32'}"
82,Dr. Wong,Human,Alive,https://rickandmortyapi.com/api/character/avatar/107.jpeg,"{'name': 'Earth (Replacement Dimension)', 'url': 'https://rickandmortyapi.com/api/location/20'}"
83,Dr. Xenon Bloom,Humanoid,Dead,https://rickandmortyapi.com/api/character/avatar/108.jpeg,"{'name': 'Anatomy Park', 'url': 'https://rickandmortyapi.com/api/location/5'}"
84,Duck With Muscles,Parasite,Dead,https://rickandmortyapi.com/api/character/avatar/109.jpeg,"{'name': 'Earth (Replacement Dimension)', 'url': 'https://rickandmortyapi.com/api/location/20'}"
85,Eli,Human,Alive,https://rickandmortyapi.com/api/character/avatar/110.jpeg,"{'name': 'Post-Apocalyptic Earth', 'url': 'https://rickandmortyapi.com/api/location/8'}"
86,Eli's Girlfriend,Human,Alive,https://rickandmortyapi.com/api/character/avatar/111.jpeg,"{'name': 'Post-Apocalyptic Earth', 'url': 'https://rickandmortyapi.com/api/location/8'}"
87,Eric Stoltz Mask Morty,Human,unknown,https://rickandmortyapi.com/api/character/avatar/113.jpeg,"{'name': 'Earth (Replacement Dimension)', 'url': 'https://rickandmortyapi.com/api/location/20'}"
88,Ethan,Human,unknown,https://rickandmortyapi.com/api/character/avatar/114.jpeg,"{'name': 'Earth (C-137)', 'url': 'https://rickandmortyapi.com/api/location/1'}"
89,Evil Beth Clone,Human,Dead,https://rickandmortyapi.com/api/character/avatar/116.jpeg,"{'name': 'Earth (C-137)', 'url': 'https://rickandmortyapi.com/api/location/1'}"
90,Evil Jerry Clone,Human,Dead,https://rickandmortyapi.com/api/character/avatar/117.jpeg,"{'name': 'Earth (C-137)', 'url': 'https://rickandmortyapi.com/api/location/1'}"
91,Evil Morty,Human,Alive,https://rickandmortyapi.com/api/character/avatar/118.jpeg,"{'name': 'Citadel of Ricks', 'url': 'https://rickandmortyapi.com/api/location/3'}"
92,Evil Summer Clone,Human,Dead,https://rickandmortyapi.com/api/character/avatar/120.jpeg,"{'name': 'Earth (C-137)', 'url': 'https://rickandmortyapi.com/api/location/1'}"
93,Eyehole Man,Alien,Alive,https://rickandmortyapi.com/api/character/avatar/121.jpeg,"{'name': 'Interdimensional Cable', 'url': 'https://rickandmortyapi.com/api/location/6'}"
94,Fart,Alien,Dead,https://rickandmortyapi.com/api/character/avatar/122.jpeg,"{'name': 'unknown', 'url': ''}"
95,Father Bob,Human,Alive,https://rickandmortyapi.com/api/character/avatar/124.jpeg,"{'name': 'Earth (Replacement Dimension)', 'url': 'https://rickandmortyapi.com/api/location/20'}"
96,Fleeb,Alien,unknown,https://rickandmortyapi.com/api/character/avatar/126.jpeg,"{'name': 'Interdimensional Cable', 'url': 'https://rickandmortyapi.com/api/location/6'}"
97,Frank Palicky,Human,Dead,https://rickandmortyapi.com/api/character/avatar/127.jpeg,"{'name': 'Earth (C-137)', 'url': 'https://rickandmortyapi.com/api/location/1'}"
98,Frankenstein's Monster,Alien,Dead,https://rickandmortyapi.com/api/character/avatar/128.jpeg,"{'name': 'Earth (Replacement Dimension)', 'url': 'https://rickandmortyapi.com/api/location/20'}"
99,Fulgora,Human,Alive,https://rickandmortyapi.com/api/character/avatar/129.jpeg,"{'name': 'Interdimensional Cable', 'url': 'https://rickandmortyapi.com/api/location/6'}"
100,Galactic Federation President,Alien,Dead,https://rickandmortyapi.com/api/character/avatar/130.jpeg,"{'name': 'unknown', 'url': ''}"
101,Gar Gloonch,Alien,Dead,https://rickandmortyapi.com/api/character/avatar/131.jpeg,"{'name': 'Nuptia 4', 'url': 'https://rickandmortyapi.com/api/location/13'}"
102,Gar's Mytholog,Mytholog,Dead,https://rickandmortyapi.com/api/character/avatar/132.jpeg,"{'name': 'Nuptia 4', 'url': 'https://rickandmortyapi.com/api/location/13'}"
103,Garmanarnar,Alien,Alive,https://rickandmortyapi.com/api/character/avatar/134.jpeg,"{'name': 'Interdimensional Cable', 'url': 'https://rickandmortyapi.com/api/location/6'}"
104,Garment District Rick,Human,Dead,https://rickandmortyapi.com/api/character/avatar/135.jpeg,"{'name': 'Citadel of Ricks', 'url': 'https://rickandmortyapi.com/api/location/3'}"
105,Gene,Human,Alive,https://rickandmortyapi.com/api/character/avatar/137.jpeg,"{'name': 'Earth (Replacement Dimension)', 'url': 'https://rickandmortyapi.com/api/location/20'}"
106,General Nathan,Human,Dead,https://rickandmortyapi.com/api/character/avatar/138.jpeg,"{'name': 'Earth (Replacement Dimension)', 'url': 'https://rickandmortyapi.com/api/location/20'}"
107,General Store Owner,Alien,Dead,https://rickandmortyapi.com/api/character/avatar/139.jpeg,"{'name': 'Purge Planet', 'url': 'https://rickandmortyapi.com/api/location/9'}"
108,Genital Washer,Human,Alive,https://rickandmortyapi.com/api/character/avatar/140.jpeg,"{'name': 'Post-Apocalyptic Earth', 'url': 'https://rickandmortyapi.com/api/location/8'}"
109,Ghost in a Jar,Alien,Dead,https://rickandmortyapi.com/api/character/avatar/141.jpeg,"{'name': 'Earth (Replacement Dimension)', 'url': 'https://rickandmortyapi.com/api/location/20'}"
110,Gibble Snake,Alien,Dead,https://rickandmortyapi.com/api/character/avatar/142.jpeg,"{'name': 'Resort Planet', 'url': 'https://rickandmortyapi.com/api/location/37'}"
111,Glasses Morty,Human,Alive,https://rickandmortyapi.com/api/character/avatar/143.jpeg,"{'name': 'Citadel of Ricks', 'url': 'https://rickandmortyapi.com/api/location/3'}"
112,Glenn,Alien,Dead,https://rickandmortyapi.com/api/character/avatar/144.jpeg,"{'name': 'Interdimensional Customs', 'url': 'https://rickandmortyapi.com/api/location/38'}"
113,Gobo,Alien,Dead,https://rickandmortyapi.com/api/character/avatar/147.jpeg,"{'name': 'Earth (Replacement Dimension)', 'url': 'https://rickandmortyapi.com/api/location/20'}"
114,Goddess Beth,Mytholog,unknown,https://rickandmortyapi.com/api/character/avatar/148.jpeg,"{'name': 'Nuptia 4', 'url': 'https://rickandmortyapi.com/api/location/13'}"
115,Gordon Lunas,Human,Dead,https://rickandmortyapi.com/api/character/avatar/149.jpeg,"{'name': 'Earth (Replacement Dimension)', 'url': 'https://rickandmortyapi.com/api/location/20'}"
116,Cornvelious Daniel,Alien,Dead,https://rickandmortyapi.com/api/character/avatar/150.jpeg,"{'name': 'Galactic Federation Prison', 'url': 'https://rickandmortyapi.com/api/location/39'}"
117,Gwendolyn,Robot,unknown,https://rickandmortyapi.com/api/character/avatar/151.jpeg,"{'name': 'Earth (Replacement Dimension)', 'url': 'https://rickandmortyapi.com/api/location/20'}"
118,Hammerhead Morty,Humanoid,unknown,https://rickandmortyapi.com/api/character/avatar/152.jpeg,"{'name': 'Citadel of Ricks', 'url': 'https://rickandmortyapi.com/api/location/3'}"
119,Hamurai,Alien,Dead,https://rickandmortyapi.com/api/character/avatar/154.jpeg,"{'name': 'Earth (Replacement Dimension)', 'url': 'https://rickandmortyapi.com/api/location/20'}"
120,Harold,Cronenberg,Alive,https://rickandmortyapi.com/api/character/avatar/155.jpeg,"{'name': 'Earth (C-137)', 'url': 'https://rickandmortyapi.com/api/location/1'}"
121,Hemorrhage,Human,Alive,https://rickandmortyapi.com/api/character/avatar/156.jpeg,"{'name': 'Post-Apocalyptic Earth', 'url': 'https://rickandmortyapi.com/api/location/8'}"
122,Hole in the Wall Where the Men Can See it All,unknown,unknown,https://rickandmortyapi.com/api/character/avatar/157.jpeg,"{'name': 'Interdimensional Cable', 'url': 'https://rickandmortyapi.com/api/location/6'}"
123,Hookah Alien,Alien,Alive,https://rickandmortyapi.com/api/character/avatar/158.jpeg,"{'name': 'Interdimensional Customs', 'url': 'https://rickandmortyapi.com/api/location/38'}"
124,Hunter,Human,Dead,https://rickandmortyapi.com/api/character/avatar/159.jpeg,"{'name': 'Earth (Giant Telepathic Spiders Dimension)', 'url': 'https://rickandmortyapi.com/api/location/42'}"
125,Hunter's Father,Human,Alive,https://rickandmortyapi.com/api/character/avatar/160.jpeg,"{'name': 'Earth (Giant Telepathic Spiders Dimension)', 'url': 'https://rickandmortyapi.com/api/location/42'}"
126,Hydrogen-F,Alien,Alive,https://rickandmortyapi.com/api/character/avatar/161.jpeg,"{'name': 'Alphabetrium', 'url': 'https://rickandmortyapi.com/api/location/43'}"
127,Ideal Jerry,Mytholog,Dead,https://rickandmortyapi.com/api/character/avatar/163.jpeg,"{'name': 'Nuptia 4', 'url': 'https://rickandmortyapi.com/api/location/13'}"
128,Insurance Rick,Human,unknown,https://rickandmortyapi.com/api/character/avatar/164.jpeg,"{'name': 'Citadel of Ricks', 'url': 'https://rickandmortyapi.com/api/location/3'}"
129,Investigator Rick,Human,Dead,https://rickandmortyapi.com/api/character/avatar/165.jpeg,"{'name': 'Citadel of Ricks', 'url': 'https://rickandmortyapi.com/api/location/3'}"
130,Izzy,Animal,Alive,https://rickandmortyapi.com/api/character/avatar/167.jpeg,"{'name': 'Earth (Replacement Dimension)', 'url': 'https://rickandmortyapi.com/api/location/20'}"
131,Jackie,Alien,Alive,https://rickandmortyapi.com/api/character/avatar/168.jpeg,"{'name': 'Gazorpazorp', 'url': 'https://rickandmortyapi.com/api/location/40'}"
132,Jacqueline,Human,Alive,https://rickandmortyapi.com/api/character/avatar/170.jpeg,"{'name': 'Earth (Replacement Dimension)', 'url': 'https://rickandmortyapi.com/api/location/20'}"
133,Jaguar,Human,Alive,https://rickandmortyapi.com/api/character/avatar/171.jpeg,"{'name': 'Earth (Replacement Dimension)', 'url': 'https://rickandmortyapi.com/api/location/20'}"
134,Jamey,Human,Alive,https://rickandmortyapi.com/api/character/avatar/172.jpeg,"{'name': 'Earth (Replacement Dimension)', 'url': 'https://rickandmortyapi.com/api/location/20'}"
135,Jan-Michael Vincent,Human,Alive,https://rickandmortyapi.com/api/character/avatar/173.jpeg,"{'name': 'Interdimensional Cable', 'url': 'https://rickandmortyapi.com/api/location/6'}"
136,Jerry's Mytholog,Mytholog,Dead,https://rickandmortyapi.com/api/character/avatar/178.jpeg,"{'name': 'Nuptia 4', 'url': 'https://rickandmortyapi.com/api/location/13'}"
137,Jessica,Cronenberg,Alive,https://rickandmortyapi.com/api/character/avatar/179.jpeg,"{'name': 'Earth (C-137)', 'url': 'https://rickandmortyapi.com/api/location/1'}"
138,Jessica's Friend,Human,Alive,https://rickandmortyapi.com/api/character/avatar/181.jpeg,"{'name': 'Earth (Replacement Dimension)', 'url': 'https://rickandmortyapi.com/api/location/20'}"
139,Jim,Human,Alive,https://rickandmortyapi.com/api/character/avatar/182.jpeg,"{'name': 'Earth (Replacement Dimension)', 'url': 'https://rickandmortyapi.com/api/location/20'}"
140,Johnny Depp,Human,Alive,https://rickandmortyapi.com/api/character/avatar/183.jpeg,"{'name': 'Earth (C-500A)', 'url': 'https://rickandmortyapi.com/api/location/23'}"
141,Jon,Alien,Alive,https://rickandmortyapi.com/api/character/avatar/184.jpeg,"{'name': 'Interdimensional Cable', 'url': 'https://rickandmortyapi.com/api/location/6'}"
142,Joyce Smith,Human,Alive,https://rickandmortyapi.com/api/character/avatar/186.jpeg,"{'name': 'Earth (C-137)', 'url': 'https://rickandmortyapi.com/api/location/1'}"
143,Juggling Rick,Human,unknown,https://rickandmortyapi.com/api/character/avatar/187.jpeg,"{'name': 'Citadel of Ricks', 'url': 'https://rickandmortyapi.com/api/location/3'}"
144,Karen Entity,Alien,Alive,https://rickandmortyapi.com/api/character/avatar/188.jpeg,"{'name': ""Unity's Planet"", 'url': 'https://rickandmortyapi.com/api/location/28'}"
145,Katarina,Human,Dead,https://rickandmortyapi.com/api/character/avatar/189.jpeg,"{'name': 'Earth (Replacement Dimension)', 'url': 'https://rickandmortyapi.com/api/location/20'}"
146,Kevin,Alien,Dead,https://rickandmortyapi.com/api/character/avatar/191.jpeg,"{'name': ""Zigerion's Base"", 'url': 'https://rickandmortyapi.com/api/location/46'}"
147,King Flippy Nips,Alien,Alive,https://rickandmortyapi.com/api/character/avatar/192.jpeg,"{'name': 'Pluto', 'url': 'https://rickandmortyapi.com/api/location/47'}"
148,King Jellybean,Alien,Dead,https://rickandmortyapi.com/api/character/avatar/193.jpeg,"{'name': 'Fantasy World', 'url': 'https://rickandmortyapi.com/api/location/48'}"
149,Kristen Stewart,Human,Alive,https://rickandmortyapi.com/api/character/avatar/195.jpeg,"{'name': 'Earth (C-500A)', 'url': 'https://rickandmortyapi.com/api/location/23'}"
150,Krombopulos Michael,Alien,Dead,https://rickandmortyapi.com/api/character/avatar/196.jpeg,"{'name': 'unknown', 'url': ''}"
151,Kyle,Humanoid,Dead,https://rickandmortyapi.com/api/character/avatar/197.jpeg,"{'name': ""Kyle's Teenyverse"", 'url': 'https://rickandmortyapi.com/api/location/50'}"
152,Lady Katana,Humanoid,Dead,https://rickandmortyapi.com/api/character/avatar/198.jpeg,"{'name': 'Dorian 5', 'url': 'https://rickandmortyapi.com/api/location/29'}"
153,Lawyer Morty,Human,unknown,https://rickandmortyapi.com/api/character/avatar/200.jpeg,"{'name': 'Citadel of Ricks', 'url': 'https://rickandmortyapi.com/api/location/3'}"
154,Leonard Smith,Human,Alive,https://rickandmortyapi.com/api/character/avatar/201.jpeg,"{'name': 'Earth (C-137)', 'url': 'https://rickandmortyapi.com/api/location/1'}"
155,Lighthouse Keeper,Alien,Dead,https://rickandmortyapi.com/api/character/avatar/202.jpeg,"{'name': 'Purge Planet', 'url': 'https://rickandmortyapi.com/api/location/9'}"
156,Lil B,Alien,Dead,https://rickandmortyapi.com/api/character/avatar/203.jpeg,"{'name': 'Planet Squanch', 'url': 'https://rickandmortyapi.com/api/location/35'}"
157,Lisa,Alien,Dead,https://rickandmortyapi.com/api/character/avatar/204.jpeg,"{'name': 'Immortality Field Resort', 'url': 'https://rickandmortyapi.com/api/location/7'}"
158,Little Dipper,Humanoid,Alive,https://rickandmortyapi.com/api/character/avatar/205.jpeg,"{'name': 'Interdimensional Cable', 'url': 'https://rickandmortyapi.com/api/location/6'}"
159,Lizard Morty,Humanoid,Alive,https://rickandmortyapi.com/api/character/avatar/206.jpeg,"{'name': 'Citadel of Ricks', 'url': 'https://rickandmortyapi.com/api/location/3'}"
160,Loggins,Alien,Alive,https://rickandmortyapi.com/api/character/avatar/207.jpeg,"{'name': 'Interdimensional Cable', 'url': 'https://rickandmortyapi.com/api/location/6'}"
161,Logic,Human,Alive,https://rickandmortyapi.com/api/character/avatar/208.jpeg,"{'name': ""Worldender's lair"", 'url': 'https://rickandmortyapi.com/api/location/4'}"
162,Long Sleeved Morty,Human,unknown,https://rickandmortyapi.com/api/character/avatar/209.jpeg,"{'name': 'Citadel of Ricks', 'url': 'https://rickandmortyapi.com/api/location/3'}"
163,Lucy,Human,Dead,https://rickandmortyapi.com/api/character/avatar/210.jpeg,"{'name': 'Earth (Replacement Dimension)', 'url': 'https://rickandmortyapi.com/api/location/20'}"
164,Magnesium-J,Alien,Alive,https://rickandmortyapi.com/api/character/avatar/213.jpeg,"{'name': 'Alphabetrium', 'url': 'https://rickandmortyapi.com/api/location/43'}"
165,Man Painted Silver Who Makes Robot Noises,Human,Alive,https://rickandmortyapi.com/api/character/avatar/214.jpeg,"{'name': 'Interdimensional Cable', 'url': 'https://rickandmortyapi.com/api/location/6'}"
166,Maximums Rickimus,Human,Dead,https://rickandmortyapi.com/api/character/avatar/215.jpeg,"{'name': 'Citadel of Ricks', 'url': 'https://rickandmortyapi.com/api/location/3'}"
167,MC Haps,Human,Alive,https://rickandmortyapi.com/api/character/avatar/216.jpeg,"{'name': 'Earth (C-137)', 'url': 'https://rickandmortyapi.com/api/location/1'}"
168,Mechanical Morty,Robot,Dead,https://rickandmortyapi.com/api/character/avatar/217.jpeg,"{'name': 'Earth (Replacement Dimension)', 'url': 'https://rickandmortyapi.com/api/location/20'}"
169,Mechanical Rick,Robot,unknown,https://rickandmortyapi.com/api/character/avatar/218.jpeg,"{'name': 'Earth (Replacement Dimension)', 'url': 'https://rickandmortyapi.com/api/location/20'}"
170,Mechanical Summer,Robot,unknown,https://rickandmortyapi.com/api/character/avatar/219.jpeg,"{'name': 'Earth (Replacement Dimension)', 'url': 'https://rickandmortyapi.com/api/location/20'}"
171,Michael Denny and the Denny Singers,Human,Alive,https://rickandmortyapi.com/api/character/avatar/222.jpeg,"{'name': 'Interdimensional Cable', 'url': 'https://rickandmortyapi.com/api/location/6'}"
172,Michael Jenkins,Human,Dead,https://rickandmortyapi.com/api/character/avatar/223.jpeg,"{'name': 'Interdimensional Cable', 'url': 'https://rickandmortyapi.com/api/location/6'}"
173,Michael McLick,Human,Alive,https://rickandmortyapi.com/api/character/avatar/224.jpeg,"{'name': 'Interdimensional Cable', 'url': 'https://rickandmortyapi.com/api/location/6'}"
174,Michael Thompson,Humanoid,Alive,https://rickandmortyapi.com/api/character/avatar/225.jpeg,"{'name': 'Interdimensional Cable', 'url': 'https://rickandmortyapi.com/api/location/6'}"
175,Million Ants,Animal,Dead,https://rickandmortyapi.com/api/character/avatar/226.jpeg,"{'name': ""Worldender's lair"", 'url': 'https://rickandmortyapi.com/api/location/4'}"
176,Mitch,Human,Alive,https://rickandmortyapi.com/api/character/avatar/227.jpeg,"{'name': 'Earth (Replacement Dimension)', 'url': 'https://rickandmortyapi.com/api/location/20'}"
177,Mohawk Guy,Human,Dead,https://rickandmortyapi.com/api/character/avatar/228.jpeg,"{'name': 'Post-Apocalyptic Earth', 'url': 'https://rickandmortyapi.com/api/location/8'}"
178,Morty Mart Manager Morty,Human,Alive,https://rickandmortyapi.com/api/character/avatar/229.jpeg,"{'name': 'Citadel of Ricks', 'url': 'https://rickandmortyapi.com/api/location/3'}"
179,Morty Jr.,Humanoid,Alive,https://rickandmortyapi.com/api/character/avatar/230.jpeg,"{'name': 'Earth (Replacement Dimension)', 'url': 'https://rickandmortyapi.com/api/location/20'}"
180,Morty Rick,Human,unknown,https://rickandmortyapi.com/api/character/avatar/231.jpeg,"{'name': 'Citadel of Ricks', 'url': 'https://rickandmortyapi.com/api/location/3'}"
181,Mr. Beauregard,Alien,Dead,https://rickandmortyapi.com/api/character/avatar/236.jpeg,"{'name': 'Earth (Replacement Dimension)', 'url': 'https://rickandmortyapi.com/api/location/20'}"
182,Mr. Benson,Human,Alive,https://rickandmortyapi.com/api/character/avatar/237.jpeg,"{'name': 'Earth (Replacement Dimension)', 'url': 'https://rickandmortyapi.com/api/location/20'}"
183,Mr. Booby Buyer,Animal,Alive,https://rickandmortyapi.com/api/character/avatar/238.jpeg,"{'name': 'Fantasy World', 'url': 'https://rickandmortyapi.com/api/location/48'}"
184,Mr. Goldenfold,Cronenberg,Alive,https://rickandmortyapi.com/api/character/avatar/239.jpeg,"{'name': 'Earth (C-137)', 'url': 'https://rickandmortyapi.com/api/location/1'}"
185,Mr. Marklovitz,Human,Alive,https://rickandmortyapi.com/api/character/avatar/241.jpeg,"{'name': 'Earth (Replacement Dimension)', 'url': 'https://rickandmortyapi.com/api/location/20'}"
186,Mr. Meeseeks,Humanoid,unknown,https://rickandmortyapi.com/api/character/avatar/242.jpeg,"{'name': 'Blips and Chitz', 'url': 'https://rickandmortyapi.com/api/location/67'}"
187,Mr. Poopybutthole,Poopybutthole,Alive,https://rickandmortyapi.com/api/character/avatar/244.jpeg,"{'name': 'unknown', 'url': ''}"
188,Mrs. Lipkip,Human,Alive,https://rickandmortyapi.com/api/character/avatar/245.jpeg,"{'name': 'Earth (Replacement Dimension)', 'url': 'https://rickandmortyapi.com/api/location/20'}"
189,Mrs. Pancakes,Human,Alive,https://rickandmortyapi.com/api/character/avatar/246.jpeg,"{'name': ""Mr. Goldenfold's dream"", 'url': 'https://rickandmortyapi.com/api/location/18'}"
190,Mrs. Poopybutthole,Poopybutthole,Alive,https://rickandmortyapi.com/api/character/avatar/247.jpeg,"{'name': 'unknown', 'url': ''}"
191,Mrs. Refrigerator,Alien,Dead,https://rickandmortyapi.com/api/character/avatar/248.jpeg,"{'name': 'Earth (Replacement Dimension)', 'url': 'https://rickandmortyapi.com/api/location/20'}"
192,Mrs. Sanchez,Human,unknown,https://rickandmortyapi.com/api/character/avatar/249.jpeg,"{'name': 'unknown', 'url': ''}"
193,Mrs. Sullivan,Human,Dead,https://rickandmortyapi.com/api/character/avatar/250.jpeg,"{'name': 'Interdimensional Cable', 'url': 'https://rickandmortyapi.com/api/location/6'}"
194,Nancy,Human,Alive,https://rickandmortyapi.com/api/character/avatar/251.jpeg,"{'name': 'Earth (Replacement Dimension)', 'url': 'https://rickandmortyapi.com/api/location/20'}"
195,Noob-Noob,Poopybutthole,Alive,https://rickandmortyapi.com/api/character/avatar/252.jpeg,"{'name': ""Vindicator's Base"", 'url': 'https://rickandmortyapi.com/api/location/54'}"
196,Octopus Man,Humanoid,Alive,https://rickandmortyapi.com/api/character/avatar/254.jpeg,"{'name': 'Interdimensional Cable', 'url': 'https://rickandmortyapi.com/api/location/6'}"
197,Pat Gueterman,Robot,Dead,https://rickandmortyapi.com/api/character/avatar/256.jpeg,"{'name': 'Planet Squanch', 'url': 'https://rickandmortyapi.com/api/location/35'}"
198,Paul Fleishman,Human,Alive,https://rickandmortyapi.com/api/character/avatar/257.jpeg,"{'name': 'Jerryboree', 'url': 'https://rickandmortyapi.com/api/location/44'}"
199,Pawnshop Clerk,Alien,Alive,https://rickandmortyapi.com/api/character/avatar/258.jpeg,"{'name': 'Pawn Shop Planet', 'url': 'https://rickandmortyapi.com/api/location/55'}"
200,Pencilvester,Alien,Dead,https://rickandmortyapi.com/api/character/avatar/259.jpeg,"{'name': 'Earth (Replacement Dimension)', 'url': 'https://rickandmortyapi.com/api/location/20'}"
201,Phillip Jacobs,Human,Alive,https://rickandmortyapi.com/api/character/avatar/260.jpeg,"{'name': 'Interdimensional Cable', 'url': 'https://rickandmortyapi.com/api/location/6'}"
202,Photography Raptor,Alien,Dead,https://rickandmortyapi.com/api/character/avatar/262.jpeg,"{'name': 'Earth (Replacement Dimension)', 'url': 'https://rickandmortyapi.com/api/location/20'}"
203,Pichael Thompson,Humanoid,Alive,https://rickandmortyapi.com/api/character/avatar/264.jpeg,"{'name': 'Interdimensional Cable', 'url': 'https://rickandmortyapi.com/api/location/6'}"
204,Piece of Toast,unknown,Alive,https://rickandmortyapi.com/api/character/avatar/266.jpeg,"{'name': 'Interdimensional Cable', 'url': 'https://rickandmortyapi.com/api/location/6'}"
205,Plumber Rick,Human,Alive,https://rickandmortyapi.com/api/character/avatar/267.jpeg,"{'name': 'Citadel of Ricks', 'url': 'https://rickandmortyapi.com/api/location/3'}"
206,Poncho,Human,Dead,https://rickandmortyapi.com/api/character/avatar/268.jpeg,"{'name': 'Anatomy Park', 'url': 'https://rickandmortyapi.com/api/location/5'}"
207,Presidentress of The Mega Gargantuans,Humanoid,Alive,https://rickandmortyapi.com/api/character/avatar/269.jpeg,"{'name': 'Mega Gargantuan Kingdom', 'url': 'https://rickandmortyapi.com/api/location/56'}"
208,Prince Nebulon,Alien,Dead,https://rickandmortyapi.com/api/character/avatar/270.jpeg,"{'name': ""Zigerion's Base"", 'url': 'https://rickandmortyapi.com/api/location/46'}"
209,Principal Vagina,Cronenberg,Alive,https://rickandmortyapi.com/api/character/avatar/271.jpeg,"{'name': 'Earth (C-137)', 'url': 'https://rickandmortyapi.com/api/location/1'}"
210,Purge Planet Ruler,Alien,Dead,https://rickandmortyapi.com/api/character/avatar/273.jpeg,"{'name': 'Purge Planet', 'url': 'https://rickandmortyapi.com/api/location/9'}"
211,Quantum Rick,Human,unknown,https://rickandmortyapi.com/api/character/avatar/274.jpeg,"{'name': 'Citadel of Ricks', 'url': 'https://rickandmortyapi.com/api/location/3'}"
212,Randy Dicknose,Human,Alive,https://rickandmortyapi.com/api/character/avatar/275.jpeg,"{'name': 'Interdimensional Cable', 'url': 'https://rickandmortyapi.com/api/location/6'}"
213,Rat Boss,Animal,Dead,https://rickandmortyapi.com/api/character/avatar/276.jpeg,"{'name': 'Earth (Replacement Dimension)', 'url': 'https://rickandmortyapi.com/api/location/20'}"
214,Real Fake Doors Salesman,Human,Alive,https://rickandmortyapi.com/api/character/avatar/277.jpeg,"{'name': 'Interdimensional Cable', 'url': 'https://rickandmortyapi.com/api/location/6'}"
215,Regional Manager Rick,Human,Dead,https://rickandmortyapi.com/api/character/avatar/278.jpeg,"{'name': 'Citadel of Ricks', 'url': 'https://rickandmortyapi.com/api/location/3'}"
216,Regular Legs,Human,Alive,https://rickandmortyapi.com/api/character/avatar/279.jpeg,"{'name': 'Interdimensional Cable', 'url': 'https://rickandmortyapi.com/api/location/6'}"
217,Reverse Giraffe,Alien,Dead,https://rickandmortyapi.com/api/character/avatar/280.jpeg,"{'name': 'Earth (Replacement Dimension)', 'url': 'https://rickandmortyapi.com/api/location/20'}"
218,Reverse Rick Outrage,Human,Dead,https://rickandmortyapi.com/api/character/avatar/281.jpeg,"{'name': 'Citadel of Ricks', 'url': 'https://rickandmortyapi.com/api/location/3'}"
219,Revolio Clockberg Jr.,Alien,unknown,https://rickandmortyapi.com/api/character/avatar/282.jpeg,"{'name': 'Gear World', 'url': 'https://rickandmortyapi.com/api/location/57'}"
220,Rick D. Sanchez III,Human,Dead,https://rickandmortyapi.com/api/character/avatar/283.jpeg,"{'name': 'Citadel of Ricks', 'url': 'https://rickandmortyapi.com/api/location/3'}"
221,Rick Guilt Rick,Human,unknown,https://rickandmortyapi.com/api/character/avatar/284.jpeg,"{'name': 'Citadel of Ricks', 'url': 'https://rickandmortyapi.com/api/location/3'}"
222,Rick Prime,Human,Dead,https://rickandmortyapi.com/api/character/avatar/285.jpeg,"{'name': 'Citadel of Ricks', 'url': 'https://rickandmortyapi.com/api/location/3'}"
223,Ricktiminus Sancheziminius,Human,Dead,https://rickandmortyapi.com/api/character/avatar/294.jpeg,"{'name': 'Citadel of Ricks', 'url': 'https://rickandmortyapi.com/api/location/3'}"
224,Riq IV,Human,Dead,https://rickandmortyapi.com/api/character/avatar/295.jpeg,"{'name': 'Citadel of Ricks', 'url': 'https://rickandmortyapi.com/api/location/3'}"
225,Risotto Groupon,Alien,Dead,https://rickandmortyapi.com/api/character/avatar/296.jpeg,"{'name': 'Resort Planet', 'url': 'https://rickandmortyapi.com/api/location/37'}"
226,Risotto's Tentacled Henchman,Alien,Dead,https://rickandmortyapi.com/api/character/avatar/297.jpeg,"{'name': 'Resort Planet', 'url': 'https://rickandmortyapi.com/api/location/37'}"
227,Robot Morty,Robot,unknown,https://rickandmortyapi.com/api/character/avatar/298.jpeg,"{'name': 'Citadel of Ricks', 'url': 'https://rickandmortyapi.com/api/location/3'}"
228,Robot Rick,Robot,unknown,https://rickandmortyapi.com/api/character/avatar/299.jpeg,"{'name': 'Citadel of Ricks', 'url': 'https://rickandmortyapi.com/api/location/3'}"
229,Roger,Human,Dead,https://rickandmortyapi.com/api/character/avatar/300.jpeg,"{'name': 'Anatomy Park', 'url': 'https://rickandmortyapi.com/api/location/5'}"
230,Ron Benson,Humanoid,Alive,https://rickandmortyapi.com/api/character/avatar/301.jpeg,"{'name': ""Unity's Planet"", 'url': 'https://rickandmortyapi.com/api/location/28'}"
231,Ruben,Human,Dead,https://rickandmortyapi.com/api/character/avatar/302.jpeg,"{'name': 'Earth (C-137)', 'url': 'https://rickandmortyapi.com/api/location/1'}"
232,Samantha,Human,Alive,https://rickandmortyapi.com/api/character/avatar/303.jpeg,"{'name': 'Earth (C-137)', 'url': 'https://rickandmortyapi.com/api/location/1'}"
233,Scary Brandon,Humanoid,Alive,https://rickandmortyapi.com/api/character/avatar/304.jpeg,"{'name': ""Mr. Goldenfold's dream"", 'url': 'https://rickandmortyapi.com/api/location/18'}"
234,Scary Glenn,Humanoid,Alive,https://rickandmortyapi.com/api/character/avatar/305.jpeg,"{'name': ""Mr. Goldenfold's dream"", 'url': 'https://rickandmortyapi.com/api/location/18'}"
235,Scary Terry,Humanoid,Alive,https://rickandmortyapi.com/api/character/avatar/306.jpeg,"{'name': ""Mr. Goldenfold's dream"", 'url': 'https://rickandmortyapi.com/api/location/18'}"
236,Scroopy Noopers,Alien,Alive,https://rickandmortyapi.com/api/character/avatar/307.jpeg,"{'name': 'Pluto', 'url': 'https://rickandmortyapi.com/api/location/47'}"
237,Scropon,Alien,unknown,https://rickandmortyapi.com/api/character/avatar/308.jpeg,"{'name': 'Planet Squanch', 'url': 'https://rickandmortyapi.com/api/location/35'}"
238,Self-Congratulatory Jerry,Mytholog,unknown,https://rickandmortyapi.com/api/character/avatar/310.jpeg,"{'name': 'Nuptia 4', 'url': 'https://rickandmortyapi.com/api/location/13'}"
239,Shlaammi,Alien,Alive,https://rickandmortyapi.com/api/character/avatar/312.jpeg,"{'name': 'Interdimensional Cable', 'url': 'https://rickandmortyapi.com/api/location/6'}"
240,Shleemypants,unknown,Alive,https://rickandmortyapi.com/api/character/avatar/313.jpeg,"{'name': 'unknown', 'url': ''}"
241,Shmlamantha Shmlicelli,Human,Alive,https://rickandmortyapi.com/api/character/avatar/314.jpeg,"{'name': 'Interdimensional Cable', 'url': 'https://rickandmortyapi.com/api/location/6'}"
242,Shmlangela Shmlobinson-Shmlower,Human,Alive,https://rickandmortyapi.com/api/character/avatar/315.jpeg,"{'name': 'Interdimensional Cable', 'url': 'https://rickandmortyapi.com/api/location/6'}"
243,Shmlona Shmlobinson,Human,Alive,https://rickandmortyapi.com/api/character/avatar/316.jpeg,"{'name': 'Interdimensional Cable', 'url': 'https://rickandmortyapi.com/api/location/6'}"
244,Shmlonathan Shmlower,Human,Alive,https://rickandmortyapi.com/api/character/avatar/317.jpeg,"{'name': 'Interdimensional Cable', 'url': 'https://rickandmortyapi.com/api/location/6'}"
245,Shmlony Shmlicelli,Human,Alive,https://rickandmortyapi.com/api/character/avatar/318.jpeg,"{'name': 'Interdimensional Cable', 'url': 'https://rickandmortyapi.com/api/location/6'}"
246,Shmooglite Runner,Alien,unknown,https://rickandmortyapi.com/api/character/avatar/319.jpeg,"{'name': 'Resort Planet', 'url': 'https://rickandmortyapi.com/api/location/37'}"
247,Shnoopy Bloopers,Alien,unknown,https://rickandmortyapi.com/api/character/avatar/320.jpeg,"{'name': 'Immortality Field Resort', 'url': 'https://rickandmortyapi.com/api/location/7'}"
248,Shrimply Pibbles,Alien,Alive,https://rickandmortyapi.com/api/character/avatar/321.jpeg,"{'name': 'St. Gloopy Noops Hospital', 'url': 'https://rickandmortyapi.com/api/location/16'}"
249,Simple Rick,Human,Dead,https://rickandmortyapi.com/api/character/avatar/322.jpeg,"{'name': 'Citadel of Ricks', 'url': 'https://rickandmortyapi.com/api/location/3'}"
250,Sleepy Gary,Alien,Dead,https://rickandmortyapi.com/api/character/avatar/324.jpeg,"{'name': 'Earth (Replacement Dimension)', 'url': 'https://rickandmortyapi.com/api/location/20'}"
251,Slick Morty,Human,Dead,https://rickandmortyapi.com/api/character/avatar/325.jpeg,"{'name': 'Citadel of Ricks', 'url': 'https://rickandmortyapi.com/api/location/3'}"
252,Slippery Stair,Animal,Alive,https://rickandmortyapi.com/api/character/avatar/326.jpeg,"{'name': 'Earth (Replacement Dimension)', 'url': 'https://rickandmortyapi.com/api/location/20'}"
253,Slow Mobius,Humanoid,Alive,https://rickandmortyapi.com/api/character/avatar/327.jpeg,"{'name': 'Earth (Replacement Dimension)', 'url': 'https://rickandmortyapi.com/api/location/20'}"
254,Slow Rick,Human,Alive,https://rickandmortyapi.com/api/character/avatar/328.jpeg,"{'name': 'Citadel of Ricks', 'url': 'https://rickandmortyapi.com/api/location/3'}"
255,Solicitor Rick,Human,unknown,https://rickandmortyapi.com/api/character/avatar/330.jpeg,"{'name': 'Citadel of Ricks', 'url': 'https://rickandmortyapi.com/api/location/3'}"
256,Squanchy,Alien,unknown,https://rickandmortyapi.com/api/character/avatar/331.jpeg,"{'name': 'Planet Squanch', 'url': 'https://rickandmortyapi.com/api/location/35'}"
257,Stacy,Human,Alive,https://rickandmortyapi.com/api/character/avatar/332.jpeg,"{'name': 'Earth (Replacement Dimension)', 'url': 'https://rickandmortyapi.com/api/location/20'}"
258,Stealy,Poopybutthole,Alive,https://rickandmortyapi.com/api/character/avatar/334.jpeg,"{'name': 'Interdimensional Cable', 'url': 'https://rickandmortyapi.com/api/location/6'}"
259,Steve,Human,Alive,https://rickandmortyapi.com/api/character/avatar/335.jpeg,"{'name': 'Earth (Replacement Dimension)', 'url': 'https://rickandmortyapi.com/api/location/20'}"
260,Steven Phillips,Alien,Alive,https://rickandmortyapi.com/api/character/avatar/336.jpeg,"{'name': ""Unity's Planet"", 'url': 'https://rickandmortyapi.com/api/location/28'}"
261,Stu,Alien,Dead,https://rickandmortyapi.com/api/character/avatar/337.jpeg,"{'name': ""Zigerion's Base"", 'url': 'https://rickandmortyapi.com/api/location/46'}"
262,Supernova,Human,Alive,https://rickandmortyapi.com/api/character/avatar/340.jpeg,"{'name': ""Worldender's lair"", 'url': 'https://rickandmortyapi.com/api/location/4'}"
263,Taddy Mason,Human,Alive,https://rickandmortyapi.com/api/character/avatar/341.jpeg,"{'name': 'Earth (Replacement Dimension)', 'url': 'https://rickandmortyapi.com/api/location/20'}"
264,Taint Washer,Human,Alive,https://rickandmortyapi.com/api/character/avatar/342.jpeg,"{'name': 'Post-Apocalyptic Earth', 'url': 'https://rickandmortyapi.com/api/location/8'}"
265,Tammy Guetermann,Cronenberg,Alive,https://rickandmortyapi.com/api/character/avatar/343.jpeg,"{'name': 'Earth (C-137)', 'url': 'https://rickandmortyapi.com/api/location/1'}"
266,Teacher Rick,Human,Alive,https://rickandmortyapi.com/api/character/avatar/345.jpeg,"{'name': 'Citadel of Ricks', 'url': 'https://rickandmortyapi.com/api/location/3'}"
267,Terry,Human,unknown,https://rickandmortyapi.com/api/character/avatar/346.jpeg,"{'name': 'Earth (Replacement Dimension)', 'url': 'https://rickandmortyapi.com/api/location/20'}"
268,The President,Human,Alive,https://rickandmortyapi.com/api/character/avatar/347.jpeg,"{'name': 'Earth (Replacement Dimension)', 'url': 'https://rickandmortyapi.com/api/location/20'}"
269,The President of the Miniverse,Humanoid,Dead,https://rickandmortyapi.com/api/character/avatar/348.jpeg,"{'name': ""Zeep Xanflorp's Miniverse"", 'url': 'https://rickandmortyapi.com/api/location/49'}"
270,The Scientist Formerly Known as Rick,Human,Dead,https://rickandmortyapi.com/api/character/avatar/349.jpeg,"{'name': 'unknown', 'url': ''}"
271,Three Unknown Things,Alien,Alive,https://rickandmortyapi.com/api/character/avatar/351.jpeg,"{'name': 'Interdimensional Cable', 'url': 'https://rickandmortyapi.com/api/location/6'}"
272,Tinkles,Alien,Dead,https://rickandmortyapi.com/api/character/avatar/352.jpeg,"{'name': 'Earth (Replacement Dimension)', 'url': 'https://rickandmortyapi.com/api/location/20'}"
273,Tiny Rick,Human,Dead,https://rickandmortyapi.com/api/character/avatar/353.jpeg,"{'name': 'Earth (Replacement Dimension)', 'url': 'https://rickandmortyapi.com/api/location/20'}"
274,Toby Matthews,Human,Alive,https://rickandmortyapi.com/api/character/avatar/354.jpeg,"{'name': 'Earth (Replacement Dimension)', 'url': 'https://rickandmortyapi.com/api/location/20'}"
275,Todd Crystal,Alien,Alive,https://rickandmortyapi.com/api/character/avatar/355.jpeg,"{'name': ""Unity's Planet"", 'url': 'https://rickandmortyapi.com/api/location/28'}"
276,Tom Randolph,Human,Alive,https://rickandmortyapi.com/api/character/avatar/356.jpeg,"{'name': 'Earth (C-137)', 'url': 'https://rickandmortyapi.com/api/location/1'}"
277,Tommy's Clone,Human,Alive,https://rickandmortyapi.com/api/character/avatar/357.jpeg,"{'name': 'Earth (Replacement Dimension)', 'url': 'https://rickandmortyapi.com/api/location/20'}"
278,Tophat Jones,Humanoid,Dead,https://rickandmortyapi.com/api/character/avatar/358.jpeg,"{'name': 'Interdimensional Cable', 'url': 'https://rickandmortyapi.com/api/location/6'}"
279,Toxic Morty,Humanoid,Dead,https://rickandmortyapi.com/api/character/avatar/360.jpeg,"{'name': 'Earth (Replacement Dimension)', 'url': 'https://rickandmortyapi.com/api/location/20'}"
280,Toxic Rick,Humanoid,Dead,https://rickandmortyapi.com/api/character/avatar/361.jpeg,"{'name': 'Earth (Replacement Dimension)', 'url': 'https://rickandmortyapi.com/api/location/20'}"
281,Trandor,Alien,Alive,https://rickandmortyapi.com/api/character/avatar/363.jpeg,"{'name': 'Earth (Replacement Dimension)', 'url': 'https://rickandmortyapi.com/api/location/20'}"
282,Tricia Lange,Human,Alive,https://rickandmortyapi.com/api/character/avatar/365.jpeg,"{'name': 'Earth (Replacement Dimension)', 'url': 'https://rickandmortyapi.com/api/location/20'}"
283,Trunk Morty,Humanoid,Alive,https://rickandmortyapi.com/api/character/avatar/366.jpeg,"{'name': 'Citadel of Ricks', 'url': 'https://rickandmortyapi.com/api/location/3'}"
284,Truth Tortoise,Animal,unknown,https://rickandmortyapi.com/api/character/avatar/368.jpeg,"{'name': 'unknown', 'url': ''}"
285,Tusked Assassin,Alien,unknown,https://rickandmortyapi.com/api/character/avatar/369.jpeg,"{'name': 'Resort Planet', 'url': 'https://rickandmortyapi.com/api/location/37'}"
286,Two Guys with Handlebar Mustaches,Human,Alive,https://rickandmortyapi.com/api/character/avatar/370.jpeg,"{'name': 'Interdimensional Cable', 'url': 'https://rickandmortyapi.com/api/location/6'}"
287,Unity,Alien,Alive,https://rickandmortyapi.com/api/character/avatar/372.jpeg,"{'name': ""Unity's Planet"", 'url': 'https://rickandmortyapi.com/api/location/28'}"
288,Vampire Master,Vampire,Alive,https://rickandmortyapi.com/api/character/avatar/374.jpeg,"{'name': 'Earth (Replacement Dimension)', 'url': 'https://rickandmortyapi.com/api/location/20'}"
289,Vance Maximus,Human,Dead,https://rickandmortyapi.com/api/character/avatar/375.jpeg,"{'name': ""Worldender's lair"", 'url': 'https://rickandmortyapi.com/api/location/4'}"
290,Veronica Ann Bennet,Alien,Alive,https://rickandmortyapi.com/api/character/avatar/376.jpeg,"{'name': 'Gazorpazorp', 'url': 'https://rickandmortyapi.com/api/location/40'}"
291,Wedding Bartender,Alien,unknown,https://rickandmortyapi.com/api/character/avatar/379.jpeg,"{'name': 'Planet Squanch', 'url': 'https://rickandmortyapi.com/api/location/35'}"
292,Weird Rick,Human,unknown,https://rickandmortyapi.com/api/character/avatar/380.jpeg,"{'name': 'unknown', 'url': ''}"
293,Woman Rick,Alien,Alive,https://rickandmortyapi.com/api/character/avatar/381.jpeg,"{'name': 'unknown', 'url': ''}"
294,Worldender,Alien,Dead,https://rickandmortyapi.com/api/character/avatar/382.jpeg,"{'name': ""Worldender's lair"", 'url': 'https://rickandmortyapi.com/api/location/4'}"
295,Yaarb,Alien,Alive,https://rickandmortyapi.com/api/character/avatar/383.jpeg,"{'name': 'St. Gloopy Noops Hospital', 'url': 'https://rickandmortyapi.com/api/location/16'}"
296,Yellow Headed Doctor,Alien,Alive,https://rickandmortyapi.com/api/character/avatar/384.jpeg,"{'name': 'St. Gloopy Noops Hospital', 'url': 'https://rickandmortyapi.com/api/location/16'}"
297,Yellow Shirt Rick,Human,unknown,https://rickandmortyapi.com/api/character/avatar/385.jpeg,"{'name': 'Citadel of Ricks', 'url': 'https://rickandmortyapi.com/api/location/3'}"
298,Zarbadar Gloonch,Alien,Dead,https://rickandmortyapi.com/api/character/avatar/386.jpeg,"{'name': 'Nuptia 4', 'url': 'https://rickandmortyapi.com/api/location/13'}"
299,Zarbadar's Mytholog,Mytholog,unknown,https://rickandmortyapi.com/api/character/avatar/387.jpeg,"{'name': 'Nuptia 4', 'url': 'https://rickandmortyapi.com/api/location/13'}"
300,Zeep Xanflorp,Humanoid,Alive,https://rickandmortyapi.com/api/character/avatar/388.jpeg,"{'name': ""Rick's Battery Microverse"", 'url': 'https://rickandmortyapi.com/api/location/24'}"
301,Zeta Alpha Rick,Human,Dead,https://rickandmortyapi.com/api/character/avatar/389.jpeg,"{'name': 'Citadel of Ricks', 'url': 'https://rickandmortyapi.com/api/location/3'}"
302,Zick Zack,Alien,Dead,https://rickandmortyapi.com/api/character/avatar/390.jpeg,"{'name': 'Earth (Replacement Dimension)', 'url': 'https://rickandmortyapi.com/api/location/20'}"
303,Uncle Steve,Alien,Dead,https://rickandmortyapi.com/api/character/avatar/391.jpeg,"{'name': 'Earth (Replacement Dimension)', 'url': 'https://rickandmortyapi.com/api/location/20'}"
304,Roy,Human,Alive,https://rickandmortyapi.com/api/character/avatar/393.jpeg,"{'name': 'Roy: A Life Well Lived', 'url': 'https://rickandmortyapi.com/api/location/32'}"
305,Mr. Sneezy,Human,Alive,https://rickandmortyapi.com/api/character/avatar/409.jpeg,"{'name': 'Interdimensional Cable', 'url': 'https://rickandmortyapi.com/api/location/6'}"
306,Simon,Human,Alive,https://rickandmortyapi.com/api/character/avatar/452.jpeg,"{'name': 'Earth (Replacement Dimension)', 'url': 'https://rickandmortyapi.com/api/location/20'}"
307,Bartender Morty,Human,Alive,https://rickandmortyapi.com/api/character/avatar/473.jpeg,"{'name': 'Citadel of Ricks', 'url': 'https://rickandmortyapi.com/api/location/3'}"
308,Flower Morty,Human,Alive,https://rickandmortyapi.com/api/character/avatar/476.jpeg,"{'name': 'Citadel of Ricks', 'url': 'https://rickandmortyapi.com/api/location/3'}"
309,Private Sector Rick,Human,Dead,https://rickandmortyapi.com/api/character/avatar/479.jpeg,"{'name': 'Citadel of Ricks', 'url': 'https://rickandmortyapi.com/api/location/3'}"
310,Purple Morty,Alien,Alive,https://rickandmortyapi.com/api/character/avatar/480.jpeg,"{'name': 'Citadel of Ricks', 'url': 'https://rickandmortyapi.com/api/location/3'}"
311,Retired General Rick,Human,unknown,https://rickandmortyapi.com/api/character/avatar/481.jpeg,"{'name': 'Citadel of Ricks', 'url': 'https://rickandmortyapi.com/api/location/3'}"
312,Visor Rick,Human,Dead,https://rickandmortyapi.com/api/character/avatar/487.jpeg,"{'name': 'Citadel of Ricks', 'url': 'https://rickandmortyapi.com/api/location/3'}"
